id,cn_code,cn_title,cn_title_display,en_title,slug,page_path,aliases_json,mapped_soc_code,mapped_airs_title,mapping_type,independent_card_flag,priority,status,direction,intro_short,intro_long,why_not_merged,relation_explainer,risk_note,seo_title,seo_description,share_title,share_description,recommended_related_slugs,created_at,updated_at
100001,4-01-06-03,跨境电商运营管理师,跨境电商运营管理师,Cross-Border E-Commerce Operations Manager,cross-border-e-commerce-operations-manager,/china-occupations/cross-border-e-commerce-operations-manager,"[""跨境电商运营管理师"",""跨境电商运营"",""跨境运营"",""跨境店铺运营"",""跨境电商运营经理""]",13-1161.00,市场研究分析师与营销专员,independent_card,true,P0,ready,平台经济,跨境电商运营管理师主要活跃在跨境平台商家与品牌出海团队，负责选品上架、投放增长、订单履约与平台规则协同等工作，用户搜索心智独立，适合在中国职业层首批独立上线。,跨境电商运营管理师通常出现在跨境平台商家、品牌出海团队和代运营公司中，核心工作包括选品上架、平台投放、店铺增长、订单履约和跨境规则协同。虽然它与AIRS中的“市场研究分析师与营销专员”存在局部交叉，但后者主要覆盖市场营销与流量分析的一部分能力，仍不足以表达平台规则适配、跨境物流协同和本地化增长运营。由于该岗位在中国市场已有稳定招聘名称和使用场景，首批补库更适合独立建卡。,如果直接并入AIRS“市场研究分析师与营销专员”，只能表达市场营销与流量分析的一部分能力，无法体现平台规则适配、跨境物流协同和本地化增长运营，前端和用户更容易把该职业理解成普通市场营销专员或传统电商运营。,当前推荐挂靠 AIRS 主职业为市场研究分析师与营销专员（13-1161.00），用于帮助用户理解能力邻近关系和后续跳转，不代表 AIRS 已完整覆盖该中国职业。,页面不要把该职业写成 AIRS 已独立覆盖的职业；推荐挂靠 市场研究分析师与营销专员（13-1161.00）仅用于关系说明和跳转，不代表两者职责等同。,跨境电商运营管理师是什么职业？工作内容、别名与 AIRS 关系 | AIRS 中国职业层,跨境电商运营管理师主要面向跨境平台商家与品牌出海团队，核心涉及选品上架、投放增长、订单履约与平台规则协同。本页解释它为什么不能简单并入市场研究分析师与营销专员，并提供别名、关系说明和相关推荐。,跨境电商运营管理师是什么职业？为什么要单独展示,跨境电商运营管理师主要活跃在跨境平台商家与品牌出海团队，负责选品上架、投放增长、订单履约与平台规则协同等工作，用户搜索心智独立，适合在中国职业层首批独立上线。,"[""user-growth-operations-specialist"",""on-demand-delivery-rider"",""homestay-steward""]",2026-04-14T00:00:00+08:00,2026-04-14T00:00:00+08:00
100002,4-07-02-06,用户增长运营师,用户增长运营师,User Growth Operations Specialist,user-growth-operations-specialist,/china-occupations/user-growth-operations-specialist,"[""用户增长运营师"",""增长运营"",""用户增长"",""增长负责人"",""流量增长运营""]",13-1161.00,市场研究分析师与营销专员,independent_card,true,P0,ready,平台经济,用户增长运营师主要活跃在互联网产品与品牌增长团队，负责转化实验、漏斗优化、用户分层和留存提升等工作，用户搜索心智独立，适合在中国职业层首批独立上线。,用户增长运营师通常出现在互联网产品团队、品牌增长团队和平台商业化部门中，核心工作包括用户分层、漏斗优化、增长实验、转化分析和生命周期运营。虽然它与AIRS中的“市场研究分析师与营销专员”存在局部交叉，但后者主要覆盖营销分析与用户研究的一部分能力，仍不足以表达以增长指标为核心的实验机制和数据驱动运营闭环。由于该岗位在中国市场已有稳定招聘名称和使用场景，首批补库更适合独立建卡。,如果直接并入AIRS“市场研究分析师与营销专员”，只能表达营销分析与用户研究的一部分能力，无法体现以增长指标为核心的实验机制和数据驱动运营闭环，前端和用户更容易把该职业理解成普通市场营销专员。,当前推荐挂靠 AIRS 主职业为市场研究分析师与营销专员（13-1161.00），用于帮助用户理解能力邻近关系和后续跳转，不代表 AIRS 已完整覆盖该中国职业。,页面不要把该职业写成 AIRS 已独立覆盖的职业；推荐挂靠 市场研究分析师与营销专员（13-1161.00）仅用于关系说明和跳转，不代表两者职责等同。,用户增长运营师是什么职业？工作内容、别名与 AIRS 关系 | AIRS 中国职业层,用户增长运营师主要面向互联网产品与品牌增长团队，核心涉及转化实验、漏斗优化、用户分层和留存提升。本页解释它为什么不能简单并入市场研究分析师与营销专员，并提供别名、关系说明和相关推荐。,用户增长运营师是什么职业？为什么要单独展示,用户增长运营师主要活跃在互联网产品与品牌增长团队，负责转化实验、漏斗优化、用户分层和留存提升等工作，用户搜索心智独立，适合在中国职业层首批独立上线。,"[""cross-border-e-commerce-operations-manager"",""on-demand-delivery-rider"",""homestay-steward""]",2026-04-14T00:00:00+08:00,2026-04-14T00:00:00+08:00
100003,4-10-08-01,网约配送员,网约配送员,On-Demand Delivery Rider,on-demand-delivery-rider,/china-occupations/on-demand-delivery-rider,"[""网约配送员"",""即时配送员"",""同城配送员"",""外卖骑手"",""配送骑手""]",43-5021.00,快递员与信使,independent_card,true,P0,ready,平台经济,网约配送员主要活跃在即时零售与外卖平台履约场景，负责平台接单、即时派送、路线执行和履约交付等工作，用户搜索心智独立，适合在中国职业层首批独立上线。,网约配送员通常出现在外卖平台、即时零售平台和同城配送网络中，核心工作包括平台接单、即时派送、路线执行、用户签收和异常履约处理。它与AIRS中的“快递员与信使”存在部分能力交叉，但后者主要承接一般快递与信使递送的线下交付环节，无法完整表达平台调度、众包规则、时效履约和即时配送场景。由于该岗位在中国市场已有稳定招聘名称和独立使用场景，若不独立建卡，前端容易把它误解为传统快递员。,如果直接并入AIRS“快递员与信使”，只能表达一般快递与信使递送的线下交付环节，无法体现平台调度、众包规则、时效履约和即时配送场景，前端和用户更容易把该职业理解成传统快递员。,当前推荐挂靠 AIRS 主职业为快递员与信使（43-5021.00），用于帮助用户理解能力邻近关系和后续跳转，不代表 AIRS 已完整覆盖该中国职业。,页面不要把该职业写成 AIRS 已独立覆盖的职业；推荐挂靠 快递员与信使（43-5021.00）仅用于关系说明和跳转，不代表两者职责等同。,网约配送员是什么职业？工作内容、别名与 AIRS 关系 | AIRS 中国职业层,网约配送员主要面向即时零售与外卖平台履约场景，核心涉及平台接单、即时派送、路线执行和履约交付。本页解释它为什么不能简单并入快递员与信使，并提供别名、关系说明和相关推荐。,网约配送员是什么职业？为什么要单独展示,网约配送员主要活跃在即时零售与外卖平台履约场景，负责平台接单、即时派送、路线执行和履约交付等工作，用户搜索心智独立，适合在中国职业层首批独立上线。,"[""cross-border-e-commerce-operations-manager"",""user-growth-operations-specialist"",""homestay-steward""]",2026-04-14T00:00:00+08:00,2026-04-14T00:00:00+08:00
100004,4-08-08-23,建筑信息模型技术员,BIM技术员,BIM Technician,bim-technician,/china-occupations/bim-technician,"[""建筑信息模型技术员"",""BIM技术员"",""建筑信息模型师"",""BIM工程师"",""BIM建模师""]",17-3011.00,建筑与土木制图员,independent_card,true,P0,ready,BIM/数字建造,BIM技术员主要活跃在建筑数字化建模与协同场景，负责模型搭建、协同校核、碰撞检查和信息管理等工作，用户搜索心智独立，适合在中国职业层首批独立上线。,BIM技术员通常出现在设计院、施工单位、咨询公司和数字建造平台中，核心工作包括模型搭建、协同校核、碰撞检查、信息管理和交付标准维护。它与AIRS中的“建筑与土木制图员”存在部分能力交叉，但后者主要承接建筑制图与图纸表达的一部分工作，无法完整表达BIM 协同、模型信息治理和多专业联动管理。由于该岗位在中国市场已有稳定招聘名称和独立使用场景，若不独立建卡，前端容易把它误解为传统建筑与土木制图员。,如果直接并入AIRS“建筑与土木制图员”，只能表达建筑制图与图纸表达的一部分工作，无法体现BIM 协同、模型信息治理和多专业联动管理，前端和用户更容易把该职业理解成传统建筑与土木制图员。,当前推荐挂靠 AIRS 主职业为建筑与土木制图员（17-3011.00），用于帮助用户理解能力邻近关系和后续跳转，不代表 AIRS 已完整覆盖该中国职业。,页面不要把该职业写成 AIRS 已独立覆盖的职业；推荐挂靠 建筑与土木制图员（17-3011.00）仅用于关系说明和跳转，不代表两者职责等同。,BIM技术员是什么职业？工作内容、别名与 AIRS 关系 | AIRS 中国职业层,BIM技术员主要面向建筑数字化建模与协同场景，核心涉及模型搭建、协同校核、碰撞检查和信息管理。本页解释它为什么不能简单并入建筑与土木制图员，并提供别名、关系说明和相关推荐。,BIM技术员是什么职业？为什么要单独展示,BIM技术员主要活跃在建筑数字化建模与协同场景，负责模型搭建、协同校核、碰撞检查和信息管理等工作，用户搜索心智独立，适合在中国职业层首批独立上线。,"[""cross-border-e-commerce-operations-manager"",""user-growth-operations-specialist"",""on-demand-delivery-rider""]",2026-04-14T00:00:00+08:00,2026-04-14T00:00:00+08:00
100005,4-09-07-04,碳排放管理员,碳排放管理员,Carbon Emissions Administrator,carbon-emissions-administrator,/china-occupations/carbon-emissions-administrator,"[""碳排放管理员"",""碳管理师"",""碳排放管理"",""碳盘查专员"",""碳核算管理员""]",13-1041.00,合规官,independent_card,true,P0,ready,双碳/绿色经济,碳排放管理员主要活跃在企业碳盘查与履约管理场景，负责碳核算、排放监测、履约管理和数据报送等工作，用户搜索心智独立，适合在中国职业层首批独立上线。,碳排放管理员通常出现在重点排放企业、第三方咨询机构和绿色治理团队中，核心工作包括碳核算、排放监测、履约管理、数据报送和减排台账维护。它与AIRS中的“合规官”存在部分能力交叉，但后者主要承接合规管理中的部分报送与监测环节，无法完整表达碳履约、碳盘查和排放数据治理能力。由于该岗位在中国市场已有稳定招聘名称和独立使用场景，若不独立建卡，前端容易把它误解为普通合规官或环境专员。,如果直接并入AIRS“合规官”，只能表达合规管理中的部分报送与监测环节，无法体现碳履约、碳盘查和排放数据治理能力，前端和用户更容易把该职业理解成普通合规官或环境专员。,当前推荐挂靠 AIRS 主职业为合规官（13-1041.00），用于帮助用户理解能力邻近关系和后续跳转，不代表 AIRS 已完整覆盖该中国职业。,页面不要把该职业写成 AIRS 已独立覆盖的职业；推荐挂靠 合规官（13-1041.00）仅用于关系说明和跳转，不代表两者职责等同。,碳排放管理员是什么职业？工作内容、别名与 AIRS 关系 | AIRS 中国职业层,碳排放管理员主要面向企业碳盘查与履约管理场景，核心涉及碳核算、排放监测、履约管理和数据报送。本页解释它为什么不能简单并入合规官，并提供别名、关系说明和相关推荐。,碳排放管理员是什么职业？为什么要单独展示,碳排放管理员主要活跃在企业碳盘查与履约管理场景，负责碳核算、排放监测、履约管理和数据报送等工作，用户搜索心智独立，适合在中国职业层首批独立上线。,"[""carbon-sink-measurement-and-assessment-specialist"",""cross-border-e-commerce-operations-manager"",""user-growth-operations-specialist""]",2026-04-14T00:00:00+08:00,2026-04-14T00:00:00+08:00
100006,4-04-05-05,人工智能训练师,人工智能训练师,AI Training Specialist,ai-training-specialist,/china-occupations/ai-training-specialist,"[""人工智能训练师"",""AI训练师"",""数据标注师"",""模型训练师"",""人工智能标注师""]",15-2051.00,数据科学家,independent_card,true,P0,ready,AI/数据新职业,人工智能训练师主要活跃在模型训练与数据标注场景，负责训练集构建、标注质检、模型评测和调优反馈等工作，用户搜索心智独立，适合在中国职业层首批独立上线。,人工智能训练师通常出现在大模型团队、智能产品团队和数据标注服务场景中，核心工作包括训练集构建、标注质检、模型评测、反馈优化和训练流程执行。它与AIRS中的“数据科学家”存在部分能力交叉，但后者主要承接数据分析与算法工作中的局部环节，无法完整表达数据标注组织、训练流程协同和模型评测反馈机制。由于该岗位在中国市场已有稳定招聘名称和独立使用场景，若不独立建卡，前端容易把它误解为数据科学家。,如果直接并入AIRS“数据科学家”，只能表达数据分析与算法工作中的局部环节，无法体现数据标注组织、训练流程协同和模型评测反馈机制，前端和用户更容易把该职业理解成数据科学家。,当前推荐挂靠 AIRS 主职业为数据科学家（15-2051.00），用于帮助用户理解能力邻近关系和后续跳转，不代表 AIRS 已完整覆盖该中国职业。,页面不要把该职业写成 AIRS 已独立覆盖的职业；推荐挂靠 数据科学家（15-2051.00）仅用于关系说明和跳转，不代表两者职责等同。,人工智能训练师是什么职业？工作内容、别名与 AIRS 关系 | AIRS 中国职业层,人工智能训练师主要面向模型训练与数据标注场景，核心涉及训练集构建、标注质检、模型评测和调优反馈。本页解释它为什么不能简单并入数据科学家，并提供别名、关系说明和相关推荐。,人工智能训练师是什么职业？为什么要单独展示,人工智能训练师主要活跃在模型训练与数据标注场景，负责训练集构建、标注质检、模型评测和调优反馈等工作，用户搜索心智独立，适合在中国职业层首批独立上线。,"[""generative-ai-application-specialist"",""information-security-testing-specialist"",""digital-twin-application-technician""]",2026-04-14T00:00:00+08:00,2026-04-14T00:00:00+08:00
100007,4-04-05-13,生成式人工智能系统应用员,生成式AI应用员,Generative AI Application Specialist,generative-ai-application-specialist,/china-occupations/generative-ai-application-specialist,"[""生成式人工智能系统应用员"",""生成式AI应用员"",""AIGC应用员"",""生成式AI应用师"",""大模型应用专员"",""AI应用员""]",15-1252.00,软件开发工程师,independent_card,true,P0,ready,AI/数据新职业,生成式AI应用员主要活跃在大模型落地与业务应用场景，负责提示设计、流程接入、业务应用和效果反馈等工作，用户搜索心智独立，适合在中国职业层首批独立上线。,生成式AI应用员通常出现在企业 AI 落地项目、内容生产场景和业务自动化团队中，核心工作包括提示设计、流程接入、业务应用配置、使用反馈和效果优化。它与AIRS中的“软件开发工程师”存在部分能力交叉，但后者主要承接软件开发或系统配置的一部分工作，无法完整表达面向业务落地的大模型应用和场景配置能力。由于该岗位在中国市场已有稳定招聘名称和独立使用场景，若不独立建卡，前端容易把它误解为普通软件开发工程师。,如果直接并入AIRS“软件开发工程师”，只能表达软件开发或系统配置的一部分工作，无法体现面向业务落地的大模型应用和场景配置能力，前端和用户更容易把该职业理解成普通软件开发工程师。,当前推荐挂靠 AIRS 主职业为软件开发工程师（15-1252.00），用于帮助用户理解能力邻近关系和后续跳转，不代表 AIRS 已完整覆盖该中国职业。,页面不要把该职业写成 AIRS 已独立覆盖的职业；推荐挂靠 软件开发工程师（15-1252.00）仅用于关系说明和跳转，不代表两者职责等同。,生成式AI应用员是什么职业？工作内容、别名与 AIRS 关系 | AIRS 中国职业层,生成式AI应用员主要面向大模型落地与业务应用场景，核心涉及提示设计、流程接入、业务应用和效果反馈。本页解释它为什么不能简单并入软件开发工程师，并提供别名、关系说明和相关推荐。,生成式AI应用员是什么职业？为什么要单独展示,生成式AI应用员主要活跃在大模型落地与业务应用场景，负责提示设计、流程接入、业务应用和效果反馈等工作，用户搜索心智独立，适合在中国职业层首批独立上线。,"[""ai-training-specialist"",""information-security-testing-specialist"",""digital-twin-application-technician""]",2026-04-14T00:00:00+08:00,2026-04-14T00:00:00+08:00
100008,4-04-04-04,信息安全测试员,信息安全测试员,Information Security Testing Specialist,information-security-testing-specialist,/china-occupations/information-security-testing-specialist,"[""信息安全测试员"",""安全测试工程师"",""渗透测试员"",""安全测试专员"",""网络安全测试员""]",15-1212.00,信息安全保卫分析师,independent_card,true,P0,ready,AI/数据新职业,信息安全测试员主要活跃在网络与应用安全测试场景，负责漏洞验证、渗透测试、风险复现和修复反馈等工作，用户搜索心智独立，适合在中国职业层首批独立上线。,信息安全测试员通常出现在安全服务团队、企业安全部门和应用上线测试流程中，核心工作包括漏洞验证、渗透测试、风险复现、修复反馈和安全验收支持。它与AIRS中的“信息安全保卫分析师”存在部分能力交叉，但后者主要承接安全分析中的监测与研判部分，无法完整表达测试验证、攻击模拟和问题复现能力。由于该岗位在中国市场已有稳定招聘名称和独立使用场景，若不独立建卡，前端容易把它误解为普通信息安全分析师。,如果直接并入AIRS“信息安全保卫分析师”，只能表达安全分析中的监测与研判部分，无法体现测试验证、攻击模拟和问题复现能力，前端和用户更容易把该职业理解成普通信息安全分析师。,当前推荐挂靠 AIRS 主职业为信息安全保卫分析师（15-1212.00），用于帮助用户理解能力邻近关系和后续跳转，不代表 AIRS 已完整覆盖该中国职业。,页面不要把该职业写成 AIRS 已独立覆盖的职业；推荐挂靠 信息安全保卫分析师（15-1212.00）仅用于关系说明和跳转，不代表两者职责等同。,信息安全测试员是什么职业？工作内容、别名与 AIRS 关系 | AIRS 中国职业层,信息安全测试员主要面向网络与应用安全测试场景，核心涉及漏洞验证、渗透测试、风险复现和修复反馈。本页解释它为什么不能简单并入信息安全保卫分析师，并提供别名、关系说明和相关推荐。,信息安全测试员是什么职业？为什么要单独展示,信息安全测试员主要活跃在网络与应用安全测试场景，负责漏洞验证、渗透测试、风险复现和修复反馈等工作，用户搜索心智独立，适合在中国职业层首批独立上线。,"[""ai-training-specialist"",""generative-ai-application-specialist"",""digital-twin-application-technician""]",2026-04-14T00:00:00+08:00,2026-04-14T00:00:00+08:00
100009,4-14-06-02,民宿管家,民宿管家,Homestay Steward,homestay-steward,/china-occupations/homestay-steward,"[""民宿管家"",""民宿运营管家"",""民宿主理人"",""民宿运营"",""民宿前台管家""]",39-6012.00,礼宾员,independent_card,true,P0,ready,平台经济,民宿管家主要活跃在民宿经营与平台房态管理场景，负责房态管理、住客接待、体验服务和平台运营等工作，用户搜索心智独立，适合在中国职业层首批独立上线。,民宿管家通常出现在民宿经营主体、短租平台和文旅住宿服务场景中，核心工作包括房态管理、住客接待、体验活动协调、差评处理和平台运营。它与AIRS中的“礼宾员”存在部分能力交叉，但后者主要承接礼宾接待与前台服务的一部分工作，无法完整表达住客体验、房东协同和平台运营一体化职责。由于该岗位在中国市场已有稳定招聘名称和独立使用场景，若不独立建卡，前端容易把它误解为传统酒店礼宾或前台文员。,如果直接并入AIRS“礼宾员”，只能表达礼宾接待与前台服务的一部分工作，无法体现住客体验、房东协同和平台运营一体化职责，前端和用户更容易把该职业理解成传统酒店礼宾或前台文员。,当前推荐挂靠 AIRS 主职业为礼宾员（39-6012.00），用于帮助用户理解能力邻近关系和后续跳转，不代表 AIRS 已完整覆盖该中国职业。,页面不要把该职业写成 AIRS 已独立覆盖的职业；推荐挂靠 礼宾员（39-6012.00）仅用于关系说明和跳转，不代表两者职责等同。,民宿管家是什么职业？工作内容、别名与 AIRS 关系 | AIRS 中国职业层,民宿管家主要面向民宿经营与平台房态管理场景，核心涉及房态管理、住客接待、体验服务和平台运营。本页解释它为什么不能简单并入礼宾员，并提供别名、关系说明和相关推荐。,民宿管家是什么职业？为什么要单独展示,民宿管家主要活跃在民宿经营与平台房态管理场景，负责房态管理、住客接待、体验服务和平台运营等工作，用户搜索心智独立，适合在中国职业层首批独立上线。,"[""cross-border-e-commerce-operations-manager"",""user-growth-operations-specialist"",""on-demand-delivery-rider""]",2026-04-14T00:00:00+08:00,2026-04-14T00:00:00+08:00
100010,4-02-06-05,供应链管理师,供应链管理师,Supply Chain Manager,supply-chain-manager,/china-occupations/supply-chain-manager,"[""供应链管理师"",""供应链运营师"",""供应链经理"",""供应链专员"",""供应链规划""]",13-1081.00,物流师,independent_card,true,P0,ready,产业运营,供应链管理师主要活跃在制造业、零售与平台供应网络，负责采购协同、库存优化、供应计划和网络治理等工作，用户搜索心智独立，适合在中国职业层首批独立上线。,供应链管理师通常出现在制造企业、零售品牌、电商平台和供应网络组织场景中，核心工作包括采购协同、库存优化、供应计划、交付协调和供应网络治理。它与AIRS中的“物流师”存在部分能力交叉，但后者主要承接物流分析与配送组织的部分能力，无法完整表达跨采购、仓储、计划和履约的全链路协同能力。由于该岗位在中国市场已有稳定招聘名称和独立使用场景，若不独立建卡，前端容易把它误解为传统物流师。,如果直接并入AIRS“物流师”，只能表达物流分析与配送组织的部分能力，无法体现跨采购、仓储、计划和履约的全链路协同能力，前端和用户更容易把该职业理解成传统物流师。,当前推荐挂靠 AIRS 主职业为物流师（13-1081.00），用于帮助用户理解能力邻近关系和后续跳转，不代表 AIRS 已完整覆盖该中国职业。,页面不要把该职业写成 AIRS 已独立覆盖的职业；推荐挂靠 物流师（13-1081.00）仅用于关系说明和跳转，不代表两者职责等同。,供应链管理师是什么职业？工作内容、别名与 AIRS 关系 | AIRS 中国职业层,供应链管理师主要面向制造业、零售与平台供应网络，核心涉及采购协同、库存优化、供应计划和网络治理。本页解释它为什么不能简单并入物流师，并提供别名、关系说明和相关推荐。,供应链管理师是什么职业？为什么要单独展示,供应链管理师主要活跃在制造业、零售与平台供应网络，负责采购协同、库存优化、供应计划和网络治理等工作，用户搜索心智独立，适合在中国职业层首批独立上线。,"[""cross-border-e-commerce-operations-manager"",""user-growth-operations-specialist"",""on-demand-delivery-rider""]",2026-04-14T00:00:00+08:00,2026-04-14T00:00:00+08:00
100011,4-04-05-10,数字孪生应用技术员,数字孪生应用技术员,Digital Twin Application Technician,digital-twin-application-technician,/china-occupations/digital-twin-application-technician,"[""数字孪生应用技术员"",""数字孪生技术员"",""数字孪生工程师"",""孪生应用工程师"",""数字孪生实施""]",15-1252.00,软件开发工程师,independent_card,true,P0,ready,AI/数据新职业,数字孪生应用技术员主要活跃在数字孪生建模与场景落地，负责数据接入、场景建模、运行映射和应用实施等工作，用户搜索心智独立，适合在中国职业层首批独立上线。,数字孪生应用技术员通常出现在工业数字化项目、园区可视化平台和设备运行仿真场景中，核心工作包括数据接入、场景建模、运行映射、系统联调和应用实施。它与AIRS中的“软件开发工程师”存在部分能力交叉，但后者主要承接软件开发中的部分系统配置工作，无法完整表达现实系统映射、仿真联动和可视化应用实施能力。由于该岗位在中国市场已有稳定招聘名称和独立使用场景，若不独立建卡，前端容易把它误解为普通软件开发工程师。,如果直接并入AIRS“软件开发工程师”，只能表达软件开发中的部分系统配置工作，无法体现现实系统映射、仿真联动和可视化应用实施能力，前端和用户更容易把该职业理解成普通软件开发工程师。,当前推荐挂靠 AIRS 主职业为软件开发工程师（15-1252.00），用于帮助用户理解能力邻近关系和后续跳转，不代表 AIRS 已完整覆盖该中国职业。,页面不要把该职业写成 AIRS 已独立覆盖的职业；推荐挂靠 软件开发工程师（15-1252.00）仅用于关系说明和跳转，不代表两者职责等同。,数字孪生应用技术员是什么职业？工作内容、别名与 AIRS 关系 | AIRS 中国职业层,数字孪生应用技术员主要面向数字孪生建模与场景落地，核心涉及数据接入、场景建模、运行映射和应用实施。本页解释它为什么不能简单并入软件开发工程师，并提供别名、关系说明和相关推荐。,数字孪生应用技术员是什么职业？为什么要单独展示,数字孪生应用技术员主要活跃在数字孪生建模与场景落地，负责数据接入、场景建模、运行映射和应用实施等工作，用户搜索心智独立，适合在中国职业层首批独立上线。,"[""ai-training-specialist"",""generative-ai-application-specialist"",""information-security-testing-specialist""]",2026-04-14T00:00:00+08:00,2026-04-14T00:00:00+08:00
100012,4-09-07-05,碳汇计量评估师,碳汇计量评估师,Carbon Sink Measurement and Assessment Specialist,carbon-sink-measurement-and-assessment-specialist,/china-occupations/carbon-sink-measurement-and-assessment-specialist,"[""碳汇计量评估师"",""碳汇评估师"",""碳汇计量师"",""碳汇核算师"",""碳汇项目评估""]",19-2041.00,环境科学家与专员（含卫生）,independent_card,true,P0,ready,双碳/绿色经济,碳汇计量评估师主要活跃在碳汇项目核算与评估场景，负责碳汇监测、方法应用、项目评估和核算报告等工作，用户搜索心智独立，适合在中国职业层首批独立上线。,碳汇计量评估师通常出现在林业碳汇项目、生态修复项目和第三方评估机构中，核心工作包括碳汇监测、方法学应用、项目评估、核算报告和项目审查。它与AIRS中的“环境科学家与专员（含卫生）”存在部分能力交叉，但后者主要承接环境科学观察与评估的一部分能力，无法完整表达碳汇方法、生态数据解释和项目价值评估能力。由于该岗位在中国市场已有稳定招聘名称和独立使用场景，若不独立建卡，前端容易把它误解为普通环境科学家。,如果直接并入AIRS“环境科学家与专员（含卫生）”，只能表达环境科学观察与评估的一部分能力，无法体现碳汇方法、生态数据解释和项目价值评估能力，前端和用户更容易把该职业理解成普通环境科学家。,当前推荐挂靠 AIRS 主职业为环境科学家与专员（含卫生）（19-2041.00），用于帮助用户理解能力邻近关系和后续跳转，不代表 AIRS 已完整覆盖该中国职业。,页面不要把该职业写成 AIRS 已独立覆盖的职业；推荐挂靠 环境科学家与专员（含卫生）（19-2041.00）仅用于关系说明和跳转，不代表两者职责等同。,碳汇计量评估师是什么职业？工作内容、别名与 AIRS 关系 | AIRS 中国职业层,碳汇计量评估师主要面向碳汇项目核算与评估场景，核心涉及碳汇监测、方法应用、项目评估和核算报告。本页解释它为什么不能简单并入环境科学家与专员（含卫生），并提供别名、关系说明和相关推荐。,碳汇计量评估师是什么职业？为什么要单独展示,碳汇计量评估师主要活跃在碳汇项目核算与评估场景，负责碳汇监测、方法应用、项目评估和核算报告等工作，用户搜索心智独立，适合在中国职业层首批独立上线。,"[""carbon-emissions-administrator"",""cross-border-e-commerce-operations-manager"",""user-growth-operations-specialist""]",2026-04-14T00:00:00+08:00,2026-04-14T00:00:00+08:00
100013,4-13-04-03,家庭教育指导师,家庭教育指导师,Family Education Guidance Specialist,family-education-guidance-specialist,/china-occupations/family-education-guidance-specialist,"[""家庭教育指导师"",""家庭教育顾问"",""家庭教育咨询师"",""家教指导师"",""亲子教育指导""]",21-1012.00,教育、升学与职业咨询顾问,independent_card,true,P0,ready,家庭服务,家庭教育指导师主要活跃在家庭教育与亲子关系指导场景，负责家长指导、养育建议、家庭沟通和成长支持等工作，用户搜索心智独立，适合在中国职业层首批独立上线。,家庭教育指导师通常出现在家庭教育服务机构、学校延伸服务和社区家庭指导场景中，核心工作包括家长指导、养育建议、家庭沟通、成长支持和家庭教育方案制定。虽然它与AIRS中的“教育、升学与职业咨询顾问”存在局部交叉，但后者主要覆盖教育咨询中的升学和学校指导部分，仍不足以表达面向家庭关系和养育场景的持续指导能力。由于该岗位在中国市场已有稳定招聘名称和使用场景，首批补库更适合独立建卡。,如果直接并入AIRS“教育、升学与职业咨询顾问”，只能表达教育咨询中的升学和学校指导部分，无法体现面向家庭关系和养育场景的持续指导能力，前端和用户更容易把该职业理解成教育升学顾问。,当前推荐挂靠 AIRS 主职业为教育、升学与职业咨询顾问（21-1012.00），用于帮助用户理解能力邻近关系和后续跳转，不代表 AIRS 已完整覆盖该中国职业。,页面不要把该职业写成 AIRS 已独立覆盖的职业；推荐挂靠 教育、升学与职业咨询顾问（21-1012.00）仅用于关系说明和跳转，不代表两者职责等同。,家庭教育指导师是什么职业？工作内容、别名与 AIRS 关系 | AIRS 中国职业层,家庭教育指导师主要面向家庭教育与亲子关系指导场景，核心涉及家长指导、养育建议、家庭沟通和成长支持。本页解释它为什么不能简单并入教育、升学与职业咨询顾问，并提供别名、关系说明和相关推荐。,家庭教育指导师是什么职业？为什么要单独展示,家庭教育指导师主要活跃在家庭教育与亲子关系指导场景，负责家长指导、养育建议、家庭沟通和成长支持等工作，用户搜索心智独立，适合在中国职业层首批独立上线。,"[""cross-border-e-commerce-operations-manager"",""user-growth-operations-specialist"",""on-demand-delivery-rider""]",2026-04-14T00:00:00+08:00,2026-04-14T00:00:00+08:00
100014,4-14-02-05,老年人能力评估师,老年人能力评估师,Elderly Functional Assessment Specialist,elderly-functional-assessment-specialist,/china-occupations/elderly-functional-assessment-specialist,"[""老年人能力评估师"",""老年能力评估师"",""老年评估师"",""失能评估师"",""养老评估师""]",,,independent_card,true,P0,ready,健康照护,老年人能力评估师主要活跃在养老评估与照护分级场景，负责能力评估、失能分级、照护建议和福利适配等工作，用户搜索心智独立，适合在中国职业层首批独立上线。,老年人能力评估师通常出现在养老机构、长护险评估、社区照护和老年服务管理场景中，核心工作包括能力评估、失能分级、照护建议、福利适配和评估记录管理。AIRS 当前只有若干宽泛职业能零散覆盖健康服务中的基础访视或一般照护支持，仍无法稳定表达老年功能评估、照护等级判断和服务适配能力。由于该岗位在中国市场已有稳定招聘名称、明确服务对象和独立使用场景，首批补库更适合直接作为中国职业独立建卡。,AIRS 现有通用职业只能零散覆盖健康服务中的基础访视或一般照护支持，无法稳定体现老年功能评估、照护等级判断和服务适配能力，继续并入会让前端和用户把它理解成普通社区卫生从业人员。,当前暂无稳妥的 AIRS 主职业可直接挂靠，本页先作为中国职业层独立入口，便于前端和内容团队先完成中国语境展示。,当前没有稳妥的 AIRS 父职业可直接承接该岗位，页面不要补写臆测的父职业，也不要用通用职业替代中国职业卡片。,老年人能力评估师是什么职业？工作内容、别名与 AIRS 关系 | AIRS 中国职业层,老年人能力评估师主要面向养老评估与照护分级场景，核心涉及能力评估、失能分级、照护建议和福利适配。本页解释它为什么不能简单并入现有 AIRS 泛职业，并提供别名、关系说明和相关推荐。,老年人能力评估师是什么职业？为什么要单独展示,老年人能力评估师主要活跃在养老评估与照护分级场景，负责能力评估、失能分级、照护建议和福利适配等工作，用户搜索心智独立，适合在中国职业层首批独立上线。,"[""birth-defect-prevention-counselor"",""assistive-technology-consultant"",""cross-border-e-commerce-operations-manager""]",2026-04-14T00:00:00+08:00,2026-04-14T00:00:00+08:00
100015,4-14-02-04,出生缺陷防控咨询师,出生缺陷防控咨询师,Birth Defect Prevention Counselor,birth-defect-prevention-counselor,/china-occupations/birth-defect-prevention-counselor,"[""出生缺陷防控咨询师"",""出生缺陷咨询师"",""优生咨询师"",""出生缺陷防控"",""产前防控咨询""]",29-9092.00,遗传咨询师,independent_card,true,P0,ready,健康照护,出生缺陷防控咨询师主要活跃在优生优育与出生缺陷防控场景，负责风险咨询、筛查解读、干预建议和转诊协同等工作，用户搜索心智独立，适合在中国职业层首批独立上线。,出生缺陷防控咨询师通常出现在妇幼保健、产前筛查、遗传风险沟通和健康管理场景中，核心工作包括风险咨询、筛查解读、干预建议、随访转介和防控宣教。它与AIRS中的“遗传咨询师”存在部分能力交叉，但后者主要承接遗传风险沟通中的单点咨询能力，无法完整表达面向防控流程的持续咨询和筛查协同能力。由于该岗位在中国市场已有稳定招聘名称和独立使用场景，若不独立建卡，前端容易把它误解为单纯遗传咨询师。,如果直接并入AIRS“遗传咨询师”，只能表达遗传风险沟通中的单点咨询能力，无法体现面向防控流程的持续咨询和筛查协同能力，前端和用户更容易把该职业理解成单纯遗传咨询师。,当前推荐挂靠 AIRS 主职业为遗传咨询师（29-9092.00），用于帮助用户理解能力邻近关系和后续跳转，不代表 AIRS 已完整覆盖该中国职业。,页面不要把该职业写成 AIRS 已独立覆盖的职业；推荐挂靠 遗传咨询师（29-9092.00）仅用于关系说明和跳转，不代表两者职责等同。,出生缺陷防控咨询师是什么职业？工作内容、别名与 AIRS 关系 | AIRS 中国职业层,出生缺陷防控咨询师主要面向优生优育与出生缺陷防控场景，核心涉及风险咨询、筛查解读、干预建议和转诊协同。本页解释它为什么不能简单并入遗传咨询师，并提供别名、关系说明和相关推荐。,出生缺陷防控咨询师是什么职业？为什么要单独展示,出生缺陷防控咨询师主要活跃在优生优育与出生缺陷防控场景，负责风险咨询、筛查解读、干预建议和转诊协同等工作，用户搜索心智独立，适合在中国职业层首批独立上线。,"[""elderly-functional-assessment-specialist"",""assistive-technology-consultant"",""cross-border-e-commerce-operations-manager""]",2026-04-14T00:00:00+08:00,2026-04-14T00:00:00+08:00
100016,4-14-03-06,康复辅助技术咨询师,康复辅助技术咨询师,Assistive Technology Consultant,assistive-technology-consultant,/china-occupations/assistive-technology-consultant,"[""康复辅助技术咨询师"",""辅具咨询师"",""康复辅具咨询师"",""辅助技术咨询师"",""辅具适配师""]",21-1015.00,康复咨询师,independent_card,true,P0,ready,健康照护,康复辅助技术咨询师主要活跃在康复辅具评估与适配场景，负责需求评估、辅具匹配、使用指导和效果跟踪等工作，用户搜索心智独立，适合在中国职业层首批独立上线。,康复辅助技术咨询师通常出现在康复机构、辅助器具服务机构和长期照护支持场景中，核心工作包括需求评估、辅具匹配、使用指导、效果跟踪和技术咨询。它与AIRS中的“康复咨询师”存在部分能力交叉，但后者主要承接康复咨询中的一般支持与转介工作，无法完整表达辅具评估、适配建议和辅助技术方案设计能力。由于该岗位在中国市场已有稳定招聘名称和独立使用场景，若不独立建卡，前端容易把它误解为普通康复咨询师。,如果直接并入AIRS“康复咨询师”，只能表达康复咨询中的一般支持与转介工作，无法体现辅具评估、适配建议和辅助技术方案设计能力，前端和用户更容易把该职业理解成普通康复咨询师。,当前推荐挂靠 AIRS 主职业为康复咨询师（21-1015.00），用于帮助用户理解能力邻近关系和后续跳转，不代表 AIRS 已完整覆盖该中国职业。,页面不要把该职业写成 AIRS 已独立覆盖的职业；推荐挂靠 康复咨询师（21-1015.00）仅用于关系说明和跳转，不代表两者职责等同。,康复辅助技术咨询师是什么职业？工作内容、别名与 AIRS 关系 | AIRS 中国职业层,康复辅助技术咨询师主要面向康复辅具评估与适配场景，核心涉及需求评估、辅具匹配、使用指导和效果跟踪。本页解释它为什么不能简单并入康复咨询师，并提供别名、关系说明和相关推荐。,康复辅助技术咨询师是什么职业？为什么要单独展示,康复辅助技术咨询师主要活跃在康复辅具评估与适配场景，负责需求评估、辅具匹配、使用指导和效果跟踪等工作，用户搜索心智独立，适合在中国职业层首批独立上线。,"[""elderly-functional-assessment-specialist"",""birth-defect-prevention-counselor"",""cross-border-e-commerce-operations-manager""]",2026-04-14T00:00:00+08:00,2026-04-14T00:00:00+08:00
100017,5-05-01-03,农业数字化技术员,农业数字化技术员,Agricultural Digitalization Technician,agricultural-digitalization-technician,/china-occupations/agricultural-digitalization-technician,"[""农业数字化技术员"",""数字农业技术员"",""智慧农业技术员"",""农业数字化专员"",""数字农技员""]",19-4012.00,农业技术员,independent_card,true,P0,ready,数字农业,农业数字化技术员主要活跃在智慧农业与数字农事场景，负责农业数据采集、设备接入、生产监测和数字服务等工作，用户搜索心智独立，适合在中国职业层首批独立上线。,农业数字化技术员通常出现在智慧农场、农业平台、数字农服组织和农业物联网场景中，核心工作包括农业数据采集、设备接入、生产监测、平台运维和数字服务实施。它与AIRS中的“农业技术员”存在部分能力交叉，但后者主要承接传统农业技术支持的一部分工作，无法完整表达农业场景下的数据化实施和设备协同能力。由于该岗位在中国市场已有稳定招聘名称和独立使用场景，若不独立建卡，前端容易把它误解为普通农业技术员。,如果直接并入AIRS“农业技术员”，只能表达传统农业技术支持的一部分工作，无法体现农业场景下的数据化实施和设备协同能力，前端和用户更容易把该职业理解成普通农业技术员。,当前推荐挂靠 AIRS 主职业为农业技术员（19-4012.00），用于帮助用户理解能力邻近关系和后续跳转，不代表 AIRS 已完整覆盖该中国职业。,页面不要把该职业写成 AIRS 已独立覆盖的职业；推荐挂靠 农业技术员（19-4012.00）仅用于关系说明和跳转，不代表两者职责等同。,农业数字化技术员是什么职业？工作内容、别名与 AIRS 关系 | AIRS 中国职业层,农业数字化技术员主要面向智慧农业与数字农事场景，核心涉及农业数据采集、设备接入、生产监测和数字服务。本页解释它为什么不能简单并入农业技术员，并提供别名、关系说明和相关推荐。,农业数字化技术员是什么职业？为什么要单独展示,农业数字化技术员主要活跃在智慧农业与数字农事场景，负责农业数据采集、设备接入、生产监测和数字服务等工作，用户搜索心智独立，适合在中国职业层首批独立上线。,"[""cross-border-e-commerce-operations-manager"",""user-growth-operations-specialist"",""on-demand-delivery-rider""]",2026-04-14T00:00:00+08:00,2026-04-14T00:00:00+08:00
100018,4-04-05-06,区块链应用操作员,区块链应用操作员,Blockchain Application Operator,blockchain-application-operator,/china-occupations/blockchain-application-operator,"[""区块链应用操作员"",""区块链操作员"",""链上应用操作员"",""区块链运营专员"",""链上业务操作员""]",15-1299.00,其他计算机类职业,independent_card,true,P0,ready,AI/数据新职业,区块链应用操作员主要活跃在链上业务部署与操作场景，负责节点运维、链上操作、业务配置和异常处理等工作，用户搜索心智独立，适合在中国职业层首批独立上线。,区块链应用操作员通常出现在区块链平台、链上业务系统和节点运维支持场景中，核心工作包括节点运维、链上操作、业务配置、权限管理和异常处理。它与AIRS中的“其他计算机类职业”存在部分能力交叉，但后者主要承接泛计算机岗位中的部分系统操作工作，无法完整表达链上业务操作和节点运行维护能力。由于该岗位在中国市场已有稳定招聘名称和独立使用场景，若不独立建卡，前端容易把它误解为普通计算机从业人员。,如果直接并入AIRS“其他计算机类职业”，只能表达泛计算机岗位中的部分系统操作工作，无法体现链上业务操作和节点运行维护能力，前端和用户更容易把该职业理解成普通计算机从业人员。,当前推荐挂靠 AIRS 主职业为其他计算机类职业（15-1299.00），用于帮助用户理解能力邻近关系和后续跳转，不代表 AIRS 已完整覆盖该中国职业。,页面不要把该职业写成 AIRS 已独立覆盖的职业；推荐挂靠 其他计算机类职业（15-1299.00）仅用于关系说明和跳转，不代表两者职责等同。,区块链应用操作员是什么职业？工作内容、别名与 AIRS 关系 | AIRS 中国职业层,区块链应用操作员主要面向链上业务部署与操作场景，核心涉及节点运维、链上操作、业务配置和异常处理。本页解释它为什么不能简单并入其他计算机类职业，并提供别名、关系说明和相关推荐。,区块链应用操作员是什么职业？为什么要单独展示,区块链应用操作员主要活跃在链上业务部署与操作场景，负责节点运维、链上操作、业务配置和异常处理等工作，用户搜索心智独立，适合在中国职业层首批独立上线。,"[""ai-training-specialist"",""generative-ai-application-specialist"",""information-security-testing-specialist""]",2026-04-14T00:00:00+08:00,2026-04-14T00:00:00+08:00
